relative_path,filename,folder_hint,capture_at,primary_genre_guess,secondary_genre_guess,genre_confidence,duplicate_cluster_id,aesthetic_score,technical_score,uniqueness_score,ai_score,portfolio_role_guess,shortlist_flag,signature_flag
IMG_4817.jpg,IMG_4817.jpg,TempExport,,other,,0.3,5757726363c474d4:ff3f3f01,0.6736,0.7222,1.0,0.695,archive,False,False
IMG_4604.jpg,IMG_4604.jpg,TempExport,,other,,0.3,8c4ce3b2b43430c0:ff023010,0.6517,0.6924,1.0,0.6788,archive,False,False
IMG_4799.jpg,IMG_4799.jpg,TempExport,,other,,0.3,2f1b33395c1103d3:ffffdf8f,0.6052,0.7556,1.0,0.676,archive,False,False
IMG_4533.jpg,IMG_4533.jpg,TempExport,,other,,0.3,1139390bca4b4b4f:08080000,0.6461,0.6879,1.0,0.6754,archive,False,False
IMG_4531.jpg,IMG_4531.jpg,TempExport,,other,,0.3,1939588adadb9315:08000000,0.6279,0.6716,1.0,0.6641,archive,False,False
IMG_4215.jpg,IMG_4215.jpg,TempExport,,other,,0.3,cd37352d8bdbd898:00008085,0.6235,0.6779,1.0,0.6639,archive,False,False
IMG_3829.jpg,IMG_3829.jpg,TempExport,,other,,0.3,92356444c1c5e6db:f88036f0,0.6132,0.6793,1.0,0.6601,archive,False,False
IMG_4602.jpg,IMG_4602.jpg,TempExport,,other,,0.3,8c4cc3e2b0a03040:ff060010,0.5969,0.6953,1.0,0.6576,archive,False,False
IMG_4260.jpg,IMG_4260.jpg,TempExport,,other,,0.3,0c2d2567171595d1:0705173f,0.5915,0.7014,1.0,0.657,archive,False,False
IMG_4893.jpg,IMG_4893.jpg,TempExport,,other,,0.3,f7fcbc1c9fbb2999:0707070f,0.6532,0.6022,1.0,0.6568,archive,False,False
IMG_4112.jpg,IMG_4112.jpg,TempExport,,other,,0.3,33bb9c0c9c517b73:03014486,0.6154,0.6601,1.0,0.6562,archive,False,False
IMG_4051-2.jpg,IMG_4051-2.jpg,TempExport,,other,,0.3,c1c149cd262fae66:70308000,0.6842,0.5422,1.0,0.6542,archive,False,False
IMG_4599.jpg,IMG_4599.jpg,TempExport,,other,,0.3,d68ee3e3725078f0:ff060038,0.5968,0.6805,1.0,0.6538,archive,False,False
IMG_4039.jpg,IMG_4039.jpg,TempExport,,other,,0.3,1f0e051613878d8d:c3c3028b,0.5906,0.688,1.0,0.6532,archive,False,False
IMG_4540.jpg,IMG_4540.jpg,TempExport,,other,,0.3,474bdb4b490f1e16:21210901,0.6095,0.6366,1.0,0.648,archive,False,False
IMG_4138.jpg,IMG_4138.jpg,TempExport,,other,,0.3,cfcacacb4647460e:21232b61,0.5833,0.6767,1.0,0.6475,archive,False,False
IMG_4815.jpg,IMG_4815.jpg,TempExport,,other,,0.3,8cbe7a7376de383c:ffff0f0b,0.5901,0.6654,1.0,0.6474,archive,False,False
IMG_4817-2.jpg,IMG_4817-2.jpg,TempExport,,other,,0.3,fbf3736b2bc0b4e0:7f3f1f00,0.5494,0.7198,1.0,0.6447,archive,False,False
IMG_3871.jpg,IMG_3871.jpg,TempExport,,other,,0.3,90c1c1e9e9f14363:f8f8fcfc,0.5945,0.6444,1.0,0.6439,archive,False,False
IMG_4515.jpg,IMG_4515.jpg,TempExport,,other,,0.3,19a99870a82021e1:08000c00,0.5786,0.6667,1.0,0.6431,archive,False,False
IMG_4114.jpg,IMG_4114.jpg,TempExport,,other,,0.3,b39b9486c4457939:01004243,0.5834,0.6497,1.0,0.6408,archive,False,False
IMG_4883.jpg,IMG_4883.jpg,TempExport,,other,,0.3,343430342e2f3d3d:fe9e1c16,0.5652,0.6755,1.0,0.64,archive,False,False
IMG_4314.jpg,IMG_4314.jpg,TempExport,,other,,0.3,a669c9c1c1c6c6c7:00207470,0.6114,0.6009,1.0,0.6398,archive,False,False
IMG_4453.jpg,IMG_4453.jpg,TempExport,,other,,0.3,b81b0387292b5343:ff0101c1,0.5669,0.672,1.0,0.6398,archive,False,False
IMG_3759.jpg,IMG_3759.jpg,TempExport,,other,,0.3,e89e8c2f86a6a6c2:3f4f07a7,0.5727,0.6548,1.0,0.6378,archive,False,False
IMG_4312.jpg,IMG_4312.jpg,TempExport,,other,,0.3,9469c9c9c3c6c4c7:00002c70,0.5737,0.6511,1.0,0.6373,archive,False,False
IMG_4324.jpg,IMG_4324.jpg,TempExport,,other,,0.3,062c23f5d3933636:8080b9ff,0.6094,0.5933,1.0,0.6371,archive,False,False
IMG_4488.jpg,IMG_4488.jpg,TempExport,,other,,0.3,ac9cdcc84948d0f0:04040424,0.5599,0.6614,1.0,0.6343,archive,False,False
IMG_4227.jpg,IMG_4227.jpg,TempExport,,other,,0.3,34b1b1a1b2149c98:00101850,0.6292,0.5471,1.0,0.6335,archive,False,False
IMG_4405.jpg,IMG_4405.jpg,TempExport,,other,,0.3,f43ac7939b97cf8c:ff010141,0.5594,0.648,1.0,0.6308,archive,False,False
IMG_4543.jpg,IMG_4543.jpg,TempExport,,other,,0.3,414190980c0c0c4d:f0f0f800,0.6284,0.5359,1.0,0.6303,archive,False,False
IMG_4579.jpg,IMG_4579.jpg,TempExport,,other,,0.3,68362ee7b33621d0:04800000,0.5908,0.5954,1.0,0.6302,archive,False,False
IMG_4507.jpg,IMG_4507.jpg,TempExport,,other,,0.3,ebe7676b2928c9cd:01003000,0.5565,0.6451,1.0,0.6289,archive,False,False
IMG_4484.jpg,IMG_4484.jpg,TempExport,,other,,0.3,d6ce6e64a464e4d8:02020010,0.5603,0.6364,1.0,0.6282,archive,False,False
IMG_4051.jpg,IMG_4051.jpg,TempExport,,other,,0.3,c1c349cd222faf66:70308000,0.6368,0.5137,1.0,0.6281,archive,False,False
IMG_4549.jpg,IMG_4549.jpg,TempExport,,other,,0.3,dbe0e0eccdcd95b6:003c3e00,0.5491,0.6532,1.0,0.6279,archive,False,False
IMG_4218.jpg,IMG_4218.jpg,TempExport,,other,,0.3,e8ed69f3c52c9498:7c001038,0.556,0.6416,1.0,0.6278,archive,False,False
IMG_4490.jpg,IMG_4490.jpg,TempExport,,other,,0.3,5839b9b83399a321:08080008,0.548,0.6502,1.0,0.6268,archive,False,False
IMG_4279.jpg,IMG_4279.jpg,TempExport,,other,,0.3,ea2d2ec6c71f1e1e:ff070773,0.5501,0.6458,1.0,0.6265,archive,False,False
IMG_4257.jpg,IMG_4257.jpg,TempExport,,other,,0.3,fd2d46a7b7266460:01070373,0.5419,0.6573,1.0,0.6261,archive,False,False
IMG_4427.jpg,IMG_4427.jpg,TempExport,,other,,0.3,fe16a6a79fcec604:07031373,0.5325,0.6715,1.0,0.6259,archive,False,False
IMG_3943.jpg,IMG_3943.jpg,TempExport,,other,,0.3,1f0e24a49662219f:fffffffe,0.5626,0.6162,1.0,0.6241,archive,False,False
IMG_4169.jpg,IMG_4169.jpg,TempExport,,other,,0.3,c2c2769827bf3f3e:70701000,0.5664,0.6081,1.0,0.6236,archive,False,False
IMG_4574.jpg,IMG_4574.jpg,TempExport,,other,,0.3,37132b595b59595c:90c18800,0.5373,0.652,1.0,0.6229,archive,False,False
IMG_4546.jpg,IMG_4546.jpg,TempExport,,other,,0.3,f0c0c0e8ee061696:787c7c00,0.6043,0.5418,1.0,0.6222,archive,False,False
IMG_4803.jpg,IMG_4803.jpg,TempExport,,other,,0.3,392833ac8c71f7d7:8000ffff,0.5102,0.6879,1.0,0.6211,archive,False,False
IMG_4015-2.jpg,IMG_4015-2.jpg,TempExport,,other,,0.3,a6c99db7a5960e2c:ffffc751,0.515,0.6755,1.0,0.6199,archive,False,False
IMG_4161.jpg,IMG_4161.jpg,TempExport,,other,,0.3,8484b4d56f9f9cbc:60601000,0.5663,0.5929,1.0,0.6197,archive,False,False
IMG_4456.jpg,IMG_4456.jpg,TempExport,,other,,0.3,a4050505596b2703:ff0000c0,0.5283,0.6524,1.0,0.6194,archive,False,False
IMG_4255.jpg,IMG_4255.jpg,TempExport,,other,,0.3,ff2d46e7b7362620:07070373,0.5222,0.661,1.0,0.6191,archive,False,False
IMG_4571.jpg,IMG_4571.jpg,TempExport,,other,,0.3,1a19913834381c1c:c8e0c080,0.531,0.6468,1.0,0.6191,archive,False,False
IMG_4796.jpg,IMG_4796.jpg,TempExport,,other,,0.3,0c8b6b6ccc8c8c8c:ff670f04,0.5596,0.5963,1.0,0.6179,archive,False,False
IMG_4041.jpg,IMG_4041.jpg,TempExport,,other,,0.3,0706141213878c8c:c1c3028b,0.5341,0.6367,1.0,0.6178,archive,False,False
IMG_4230.jpg,IMG_4230.jpg,TempExport,,other,,0.3,495b333959064c18:00009888,0.5642,0.5868,1.0,0.6174,archive,False,False
IMG_4420.jpg,IMG_4420.jpg,TempExport,,other,,0.3,fd3ed69b6f278e8e:ff000369,0.5219,0.6541,1.0,0.6173,archive,False,False
IMG_4881.jpg,IMG_4881.jpg,TempExport,,other,,0.3,e0f1c1b1300ac103:fffffff8,0.5874,0.547,1.0,0.6167,archive,False,False
IMG_4097.jpg,IMG_4097.jpg,TempExport,,other,,0.3,3366e1cb6de99e9e:03133c78,0.5376,0.6178,1.0,0.6145,archive,False,False
IMG_4562.jpg,IMG_4562.jpg,TempExport,,other,,0.3,ad84a6a606bc2c6c:e4f01232,0.5214,0.6379,1.0,0.613,archive,False,False
IMG_4212.jpg,IMG_4212.jpg,TempExport,,other,,0.3,0b081b1015090c0f:c1c0c0c0,0.5784,0.5461,1.0,0.6129,archive,False,False
IMG_4315.jpg,IMG_4315.jpg,TempExport,,other,,0.3,138b87928cc58322:000140e0,0.5525,0.5852,1.0,0.6123,archive,False,False
IMG_4309.jpg,IMG_4309.jpg,TempExport,,other,,0.3,c2e362e0cae2c8cf:00003030,0.5638,0.5667,1.0,0.6122,archive,False,False
IMG_4040.jpg,IMG_4040.jpg,TempExport,,other,,0.3,0f0e141213978e8c:c1c3028b,0.5215,0.6308,1.0,0.6113,archive,False,False
IMG_2164.jpg,IMG_2164.jpg,TempExport,,other,,0.3,f0d0dad8f8f1e0e6:1c3c3c08,0.5329,0.6107,1.0,0.6108,archive,False,False
IMG_4217.jpg,IMG_4217.jpg,TempExport,,other,,0.3,1a6e694915113818:00000000,0.5599,0.5628,1.0,0.6097,archive,False,False
IMG_4006.jpg,IMG_4006.jpg,TempExport,,other,,0.3,608c060e0c7333a5:ffffe7e7,0.5744,0.534,1.0,0.6083,archive,False,False
IMG_4286.jpg,IMG_4286.jpg,TempExport,,other,,0.3,2caed7950e3f1c4f:07077f61,0.5574,0.5598,1.0,0.6079,archive,False,False
IMG_4302.jpg,IMG_4302.jpg,TempExport,,other,,0.3,a3a1e9e9cbc7c6c6:f0503828,0.6063,0.4772,1.0,0.6068,archive,False,False
IMG_4263.jpg,IMG_4263.jpg,TempExport,,other,,0.3,8936d6a6b7337240:ff020353,0.5444,0.5702,1.0,0.6053,archive,False,False
IMG_4497.jpg,IMG_4497.jpg,TempExport,,other,,0.3,f21b1939282ecae2:00080800,0.5569,0.5488,1.0,0.605,archive,False,False
IMG_4410.jpg,IMG_4410.jpg,TempExport,,other,,0.3,96fc189abac9d94d:03060c48,0.5101,0.6223,1.0,0.6046,archive,False,False
IMG_4487.jpg,IMG_4487.jpg,TempExport,,other,,0.3,d4dcd8d8284848e3:04040c00,0.5685,0.5248,1.0,0.6036,archive,False,False
IMG_4465.jpg,IMG_4465.jpg,TempExport,,other,,0.3,03016d2c23634300:00010000,0.4937,0.6437,1.0,0.6034,archive,False,False
IMG_4417.jpg,IMG_4417.jpg,TempExport,,other,,0.3,836341ddd4b4b393:0138386f,0.5066,0.6215,1.0,0.603,archive,False,False
IMG_4192.jpg,IMG_4192.jpg,TempExport,,other,,0.3,4f0e9fdfae991887:e3c30707,0.6406,0.405,1.0,0.6025,archive,False,False
IMG_4050.jpg,IMG_4050.jpg,TempExport,,other,,0.3,c04958cc232d6f4e:78280c04,0.6403,0.3996,1.0,0.601,archive,False,False
IMG_4436.jpg,IMG_4436.jpg,TempExport,,other,,0.3,8442389894e4c1c4:0000044c,0.4996,0.6237,1.0,0.6008,archive,False,False
IMG_4432.jpg,IMG_4432.jpg,TempExport,,other,,0.3,ff1696c7c7cfdfda:7f020373,0.5236,0.5842,1.0,0.6005,archive,False,False
IMG_4379.jpg,IMG_4379.jpg,TempExport,,other,,0.3,0cd4c8d1d3b53524:00407e7c,0.5111,0.6036,1.0,0.6003,archive,False,False
IMG_4194.jpg,IMG_4194.jpg,TempExport,,other,,0.3,e6e7ebee279a9494:33033b03,0.617,0.432,1.0,0.5998,archive,False,False
IMG_4094.jpg,IMG_4094.jpg,TempExport,,other,,0.3,1b37b1e165a4cecf:01031c38,0.5016,0.6117,1.0,0.5986,archive,False,False
IMG_4409.jpg,IMG_4409.jpg,TempExport,,other,,0.3,f536c6939397ce80:ff000373,0.5074,0.6025,1.0,0.5986,archive,False,False
IMG_4148.jpg,IMG_4148.jpg,TempExport,,other,,0.3,949687a5b74fd83f:00000010,0.6151,0.4285,1.0,0.5982,archive,False,False
IMG_4399.jpg,IMG_4399.jpg,TempExport,,other,,0.3,fe334b5b73134b49:ff010129,0.4866,0.6293,1.0,0.597,archive,False,False
IMG_5261.jpg,IMG_5261.jpg,TempExport,,other,,0.3,16c6c6de9a929e98:030323c3,0.4618,0.6674,1.0,0.5966,archive,False,False
IMG_4124.jpg,IMG_4124.jpg,TempExport,,other,,0.3,5b191952d6b7e70f:01000800,0.5914,0.4596,1.0,0.5965,archive,False,False
IMG_4167.jpg,IMG_4167.jpg,TempExport,,other,,0.3,c2e3221e37bf3f3f:20309000,0.5081,0.5912,1.0,0.596,archive,False,False
IMG_4325.jpg,IMG_4325.jpg,TempExport,,other,,0.3,46182274d3d23232:8080dcfe,0.5215,0.5657,1.0,0.595,archive,False,False
IMG_4428.jpg,IMG_4428.jpg,TempExport,,other,,0.3,51a8a9a9ead2d2e2:00001414,0.4841,0.6239,1.0,0.5946,archive,False,False
IMG_4242.jpg,IMG_4242.jpg,TempExport,,other,,0.3,a534f4545459793a:15161efe,0.5404,0.5309,1.0,0.5939,archive,False,False
IMG_4266.jpg,IMG_4266.jpg,TempExport,,other,,0.3,263696a6b7737248:83030373,0.5436,0.5247,1.0,0.5936,archive,False,False
IMG_4046.jpg,IMG_4046.jpg,TempExport,,other,,0.3,0e0c0e1a3b0f0d85:8306020f,0.4937,0.6034,1.0,0.5933,archive,False,False
IMG_4421.jpg,IMG_4421.jpg,TempExport,,other,,0.3,1b739bab2727878f:030359d1,0.5214,0.5589,1.0,0.5933,archive,False,False
IMG_4283.jpg,IMG_4283.jpg,TempExport,,other,,0.3,6e3667c6d60f1f1e:00070373,0.512,0.5713,1.0,0.5926,archive,False,False
IMG_4378.jpg,IMG_4378.jpg,TempExport,,other,,0.3,06d4c0c9d3f13434:00007e7d,0.5095,0.5729,1.0,0.592,archive,False,False
IMG_4090.jpg,IMG_4090.jpg,TempExport,,other,,0.3,3575b2b0923b3f5e:00105800,0.5426,0.5149,1.0,0.5908,archive,False,False
IMG_4377.jpg,IMG_4377.jpg,TempExport,,other,,0.3,04d4c8c1d3b53524:00607e7d,0.5053,0.5747,1.0,0.5908,archive,False,False
IMG_4093.jpg,IMG_4093.jpg,TempExport,,other,,0.3,9393b1a136d4cfcf:01011c10,0.4885,0.6002,1.0,0.5905,archive,False,False
IMG_4089.jpg,IMG_4089.jpg,TempExport,,other,,0.3,1312b3b295b13f3e:80805858,0.5435,0.5079,1.0,0.5894,archive,False,False
IMG_4395.jpg,IMG_4395.jpg,TempExport,,other,,0.3,4a48d3d2b62c3939:00203878,0.4724,0.6202,1.0,0.589,archive,False,False
IMG_4292.jpg,IMG_4292.jpg,TempExport,,other,,0.3,89b537233325090b:415091b9,0.4497,0.6546,1.0,0.5885,archive,False,False
IMG_4393.jpg,IMG_4393.jpg,TempExport,,other,,0.3,76a666d2d287be28:0003337b,0.4749,0.6137,1.0,0.5884,archive,False,False
IMG_4126.jpg,IMG_4126.jpg,TempExport,,other,,0.3,299999525ac1e7a7:00000c00,0.5602,0.4761,1.0,0.5881,archive,False,False
IMG_4459.jpg,IMG_4459.jpg,TempExport,,other,,0.3,2b13696894434380:ff010104,0.4612,0.6325,1.0,0.5876,archive,False,False
IMG_4374.jpg,IMG_4374.jpg,TempExport,,other,,0.3,04d4c8c1d3b52564:00607c7c,0.5031,0.5638,1.0,0.5872,archive,False,False
IMG_4287.jpg,IMG_4287.jpg,TempExport,,other,,0.3,edad56cfc99e2c2e:05070b7f,0.5205,0.5325,1.0,0.5863,archive,False,False
IMG_4435.jpg,IMG_4435.jpg,TempExport,,other,,0.3,8472999ca4c8c1c8:0000ccde,0.4989,0.562,1.0,0.5851,archive,False,False
IMG_4059.jpg,IMG_4059.jpg,TempExport,,other,,0.3,3838d0e496a9cd8f:ccccfc78,0.4607,0.6221,1.0,0.5848,archive,False,False
IMG_4612.jpg,IMG_4612.jpg,TempExport,,other,,0.3,f9f1e3c0b6376a00:00080030,0.4602,0.6213,1.0,0.5844,archive,False,False
IMG_4592.jpg,IMG_4592.jpg,TempExport,,other,,0.3,e8e53ae2c6d090d0:7f310000,0.5071,0.5426,1.0,0.5835,archive,False,False
IMG_4181.jpg,IMG_4181.jpg,TempExport,,other,,0.3,0f0511111b531f1f:c1c0e0c0,0.5692,0.4388,1.0,0.5824,archive,False,False
IMG_4440.jpg,IMG_4440.jpg,TempExport,,other,,0.3,ee6b6be96c8cb4d3:003c3d3d,0.47,0.5977,1.0,0.5824,archive,False,False
IMG_5255.jpg,IMG_5255.jpg,TempExport,,other,,0.3,808080c40460e0e0:c0e0f0f0,0.4614,0.6103,1.0,0.5821,archive,False,False
IMG_4304.jpg,IMG_4304.jpg,TempExport,,other,,0.3,8969686960e0d89a:40203c3c,0.5518,0.4649,1.0,0.5819,archive,False,False
IMG_4015.jpg,IMG_4015.jpg,TempExport,,other,,0.3,cc9693b2b2939716:ffc3d87a,0.5451,0.4752,1.0,0.5818,archive,False,False
IMG_4479.jpg,IMG_4479.jpg,TempExport,,other,,0.3,8acbe6e40c6272da:03001010,0.5294,0.4975,1.0,0.5811,archive,False,False
IMG_4345.jpg,IMG_4345.jpg,TempExport,,other,,0.3,065cc2e5d3b13434:00007e7d,0.4883,0.5618,1.0,0.5808,archive,False,False
IMG_4086.jpg,IMG_4086.jpg,TempExport,,other,,0.3,869ab8b2696367cd:e0e8dc18,0.5199,0.5044,1.0,0.5791,archive,False,False
IMG_4057.jpg,IMG_4057.jpg,TempExport,,other,,0.3,3820b09439959f3a:ccdc1840,0.4646,0.5867,1.0,0.5775,archive,False,False
IMG_4394.jpg,IMG_4394.jpg,TempExport,,other,,0.3,163657d2d3079e2f:02033b3f,0.4696,0.5771,1.0,0.5771,archive,False,False
IMG_4403.jpg,IMG_4403.jpg,TempExport,,other,,0.3,1babbdb82b06636b:03011f0e,0.4954,0.5357,1.0,0.5771,archive,False,False
IMG_4416.jpg,IMG_4416.jpg,TempExport,,other,,0.3,1632a7a79bdfcecc:02037173,0.4637,0.5835,1.0,0.5764,archive,False,False
IMG_3973.jpg,IMG_3973.jpg,TempExport,,other,,0.3,66665b7b534fc313:b7a3b999,0.442,0.6174,1.0,0.5762,archive,False,False
IMG_4452.jpg,IMG_4452.jpg,TempExport,,other,,0.3,09a565434fc7c796:00003c79,0.44,0.6209,1.0,0.5762,archive,False,False
IMG_4472.jpg,IMG_4472.jpg,TempExport,,other,,0.3,7baf9999983939bf:00404c6c,0.4581,0.5911,1.0,0.576,archive,False,False
IMG_4466.jpg,IMG_4466.jpg,TempExport,,other,,0.3,b9f939ba3273939c:0d1d0d1f,0.4497,0.6036,1.0,0.5758,archive,False,False
IMG_4272.jpg,IMG_4272.jpg,TempExport,,other,,0.3,059939999c399107:00c18ccc,0.5843,0.3861,1.0,0.5752,archive,False,False
IMG_4446.jpg,IMG_4446.jpg,TempExport,,other,,0.3,00226872461c0c86:8010bcb8,0.4333,0.6262,1.0,0.5749,archive,False,False
IMG_4481.jpg,IMG_4481.jpg,TempExport,,other,,0.3,92ca677763a2b2fa:03010010,0.4969,0.5238,1.0,0.5747,archive,False,False
IMG_4352.jpg,IMG_4352.jpg,TempExport,,other,,0.3,14d8c2e5d1b13434:00007e7d,0.4833,0.5441,1.0,0.5743,archive,False,False
IMG_4438.jpg,IMG_4438.jpg,TempExport,,other,,0.3,a7ea6beb6cccbc55:00383d3d,0.4474,0.6008,1.0,0.5742,archive,False,False
IMG_4406.jpg,IMG_4406.jpg,TempExport,,other,,0.3,1b63d7bb939fcf84:000171c9,0.476,0.5492,1.0,0.5727,archive,False,False
IMG_3606.jpg,IMG_3606.jpg,TempExport,,other,,0.3,0883c3d39f8cffdf:0000207b,0.4801,0.5415,1.0,0.5724,archive,False,False
IMG_4128.jpg,IMG_4128.jpg,TempExport,,other,,0.3,8d9dd1b036e8efcf:00000800,0.4942,0.5169,1.0,0.5719,archive,False,False
IMG_4431.jpg,IMG_4431.jpg,TempExport,,other,,0.3,3616c79796979e8e:020363fb,0.4867,0.527,1.0,0.5714,archive,False,False
IMG_4423.jpg,IMG_4423.jpg,TempExport,,other,,0.3,0b13b7c30be7e322:01015971,0.4658,0.5585,1.0,0.5709,archive,False,False
IMG_4412.jpg,IMG_4412.jpg,TempExport,,other,,0.3,e628899badccd44f:03040c4d,0.4789,0.5345,1.0,0.5702,archive,False,False
IMG_4430.jpg,IMG_4430.jpg,TempExport,,other,,0.3,9fa829e9d2d2d2c7:00041c3c,0.4331,0.6054,1.0,0.5696,archive,False,False
IMG_4802.jpg,IMG_4802.jpg,TempExport,,other,,0.3,4f3b25071751b9b2:fffffff3,0.5131,0.4771,1.0,0.5695,archive,False,False
IMG_4397.jpg,IMG_4397.jpg,TempExport,,other,,0.3,6b6e41d2d0b63839:00203838,0.433,0.6043,1.0,0.5693,archive,False,False
IMG_4448.jpg,IMG_4448.jpg,TempExport,,other,,0.3,00322272461c0c86:8010bcb8,0.4227,0.621,1.0,0.5693,archive,False,False
IMG_4445.jpg,IMG_4445.jpg,TempExport,,other,,0.3,3bcb67768f971f8e:0301393b,0.4222,0.6194,1.0,0.5687,archive,False,False
IMG_3809.jpg,IMG_3809.jpg,TempExport,,other,,0.3,9c9c34346060f282:46061e1e,0.4314,0.6,1.0,0.5676,archive,False,False
IMG_4125.jpg,IMG_4125.jpg,TempExport,,other,,0.3,292999595adae7c7:00000c08,0.5153,0.4617,1.0,0.5665,archive,False,False
IMG_4132.jpg,IMG_4132.jpg,TempExport,,other,,0.3,7efeb6dcce8ece18:07030307,0.5915,0.3373,1.0,0.5659,archive,False,False
IMG_4802-2.jpg,IMG_4802-2.jpg,TempExport,,other,,0.3,b8e8f0e4e47074e6:001cffff,0.41,0.6277,1.0,0.5659,archive,False,False
IMG_4223.jpg,IMG_4223.jpg,TempExport,,other,,0.3,ac68c1e0e82c3236:0020787c,0.4818,0.5102,1.0,0.5653,archive,False,False
IMG_4289.jpg,IMG_4289.jpg,TempExport,,other,,0.3,2d76d6ed8dbf0c0e:07077b75,0.5067,0.4686,1.0,0.5648,archive,False,False
IMG_4179.jpg,IMG_4179.jpg,TempExport,,other,,0.3,c8c9ccf0397bb383:686c7478,0.4242,0.599,1.0,0.5644,archive,False,False
IMG_3916.jpg,IMG_3916.jpg,TempExport,,other,,0.3,5f858d0d4d2bb28c:0141e707,0.4558,0.5458,1.0,0.5638,archive,False,False
IMG_4414.jpg,IMG_4414.jpg,TempExport,,other,,0.3,0ca2c8c9686662d6:00c06cfc,0.447,0.5588,1.0,0.5635,archive,False,False
IMG_4130.jpg,IMG_4130.jpg,TempExport,,other,,0.3,f8fcb4664ea6e6e6:1e0e1612,0.6031,0.3055,1.0,0.5626,archive,False,False
IMG_4307.jpg,IMG_4307.jpg,TempExport,,other,,0.3,0069e0c2c8c9c8ce:00003878,0.5686,0.3596,1.0,0.5623,archive,False,False
IMG_4183.jpg,IMG_4183.jpg,TempExport,,other,,0.3,c98f85949d21b39f:e0e0f040,0.5235,0.4239,1.0,0.5604,archive,False,False
IMG_4442.jpg,IMG_4442.jpg,TempExport,,other,,0.3,2bcb73731f9b8f86:01013919,0.412,0.5977,1.0,0.5592,archive,False,False
IMG_4807.jpg,IMG_4807.jpg,TempExport,,other,,0.3,68f8e4c7d3d1e9f2:befffff3,0.5001,0.4568,1.0,0.5592,archive,False,False
IMG_4197.jpg,IMG_4197.jpg,TempExport,,other,,0.3,b979b5959f0d8c36:08001c00,0.5592,0.3611,1.0,0.559,archive,False,False
IMG_3923.jpg,IMG_3923.jpg,TempExport,,other,,0.3,f1f38f0f0d0b2386:397f4781,0.4083,0.6007,1.0,0.5585,archive,False,False
IMG_4136.jpg,IMG_4136.jpg,TempExport,,other,,0.3,82b0b23099b28d2d:6070f8d8,0.5521,0.365,1.0,0.5571,archive,False,False
IMG_3808.jpg,IMG_3808.jpg,TempExport,,other,,0.3,b0a44c703133b3b3:f8fceefc,0.4611,0.5098,1.0,0.5569,archive,False,False
IMG_3931.jpg,IMG_3931.jpg,TempExport,,other,,0.3,f1c1890d4d09b383:3c7c6480,0.4741,0.4871,1.0,0.5564,archive,False,False
IMG_3835.jpg,IMG_3835.jpg,TempExport,,other,,0.3,90c6e365e4c145e3:ff7f3131,0.5744,0.3223,1.0,0.5553,archive,False,False
IMG_4153.jpg,IMG_4153.jpg,TempExport,,other,,0.3,3333b3f06ed8d8f1:c0801818,0.3886,0.6169,1.0,0.5547,archive,False,False
IMG_3856-HDR.jpg,IMG_3856-HDR.jpg,TempExport,,other,,0.3,35c5c1d999c1c1c0:00002001,0.4385,0.5357,1.0,0.5543,archive,False,False
IMG_3967.jpg,IMG_3967.jpg,TempExport,,other,,0.3,98b36fe7c3888c24:fffb0100,0.4928,0.4485,1.0,0.5542,archive,False,False
IMG_4076.jpg,IMG_4076.jpg,TempExport,,other,,0.3,9f9b90dce14c4c8d:4f686804,0.4061,0.5837,1.0,0.5534,archive,False,False
IMG_4133.jpg,IMG_4133.jpg,TempExport,,other,,0.3,c3c3c1e9cecc4f07:78707030,0.5388,0.3635,1.0,0.5514,archive,False,False
IMG_3940.jpg,IMG_3940.jpg,TempExport,,other,,0.3,e3dd1f6f4f1ed6c6:797f0703,0.3813,0.6097,1.0,0.5499,archive,False,False
IMG_4100.jpg,IMG_4100.jpg,TempExport,,other,,0.3,b1a5e1e926668a9f:00103c7c,0.4246,0.5392,1.0,0.5496,archive,False,False
IMG_4074.jpg,IMG_4074.jpg,TempExport,,other,,0.3,05b39bc92caccccf:0109686c,0.4145,0.537,1.0,0.5451,archive,False,False
IMG_4052.jpg,IMG_4052.jpg,TempExport,,other,,0.3,faf470519b9b7d2f:1f1f3e0c,0.5037,0.3879,1.0,0.5435,archive,False,False
IMG_3942.jpg,IMG_3942.jpg,TempExport,,other,,0.3,f1f99f0f4d4bf3c6:7f7f4301,0.3797,0.5615,1.0,0.5373,archive,False,False
IMG_4186.jpg,IMG_4186.jpg,TempExport,,other,,0.3,c5c5e1a5aeeb2b3f:60607000,0.4743,0.41,1.0,0.5372,archive,False,False
IMG_4477.jpg,IMG_4477.jpg,TempExport,,other,,0.3,b13939f1d9d50787:18000010,0.5036,0.3591,1.0,0.5362,archive,False,False
IMG_4206.jpg,IMG_4206.jpg,TempExport,,other,,0.3,222639b90fe96cee:00000808,0.4889,0.3801,1.0,0.5356,archive,False,False
IMG_4053.jpg,IMG_4053.jpg,TempExport,,other,,0.3,f0f47199973f2d2c:1f1f3c0c,0.492,0.3739,1.0,0.5353,archive,False,False
IMG_3936.jpg,IMG_3936.jpg,TempExport,,other,,0.3,b83c1e4f4b23163e:fcde8321,0.4069,0.5055,1.0,0.5341,archive,False,False
IMG_4413.jpg,IMG_4413.jpg,TempExport,,other,,0.3,0220c9c948466272:00806c7c,0.4217,0.4817,1.0,0.5341,archive,False,False
IMG_4102.jpg,IMG_4102.jpg,TempExport,,other,,0.3,a1e5e9c9ca66c89f:00103cfc,0.4103,0.4978,1.0,0.5336,archive,False,False
IMG_4185.jpg,IMG_4185.jpg,TempExport,,other,,0.3,a586c4c616c45d5f:70607040,0.4833,0.3777,1.0,0.5327,archive,False,False
IMG_4468.jpg,IMG_4468.jpg,TempExport,,other,,0.3,c8ca95959971256d:606048dd,0.3848,0.5343,1.0,0.5325,archive,False,False
IMG_4911.jpg,IMG_4911.jpg,TempExport,,other,,0.3,c7e1e1c2c2d3939b:fffffff3,0.4715,0.3764,1.0,0.5277,archive,False,False
IMG_4437.jpg,IMG_4437.jpg,TempExport,,other,,0.3,19ab6b8d9d8b2f16:01393d6f,0.3871,0.5037,1.0,0.5258,archive,False,False
IMG_4202.jpg,IMG_4202.jpg,TempExport,,other,,0.3,662429599ee9e4cc:00000c00,0.4567,0.38,1.0,0.5227,archive,False,False
IMG_3920.jpg,IMG_3920.jpg,TempExport,,other,,0.3,f8f0860f4d2b138e:fefec280,0.4252,0.4146,1.0,0.5187,archive,False,False
IMG_4401.jpg,IMG_4401.jpg,TempExport,,other,,0.3,038bb8a8a7b3250e:01011f0c,0.3804,0.4729,1.0,0.5154,archive,False,False
IMG_4555.jpg,IMG_4555.jpg,TempExport,,other,,0.3,e7c1d151d6d0e7df:00003838,0.4737,0.3151,1.0,0.5133,archive,False,False
IMG_3924.jpg,IMG_3924.jpg,TempExport,,other,,0.3,70f8300f4f2b339c:3cfefec0,0.4071,0.4196,1.0,0.5127,archive,False,False
IMG_4121.jpg,IMG_4121.jpg,TempExport,,other,,0.3,a72b5939565ac63f:00000c00,0.4401,0.3379,1.0,0.5055,archive,False,False
IMG_4825.jpg,IMG_4825.jpg,TempExport,,other,,0.3,dbe5e7f666e3ddf2:ff7f3333,0.3369,0.4825,1.0,0.5004,archive,False,False
IMG_3926.jpg,IMG_3926.jpg,TempExport,,other,,0.3,f0f1818c0d29dff9:7ffcf006,0.4133,0.3547,1.0,0.499,archive,False,False
IMG_4068.jpg,IMG_4068.jpg,TempExport,,other,,0.3,8e58b966644ae991:070c1c3a,0.4219,0.3311,1.0,0.4965,archive,False,False
IMG_4117.jpg,IMG_4117.jpg,TempExport,,other,,0.3,662fc9095658c286:03000400,0.4293,0.3157,1.0,0.4956,archive,False,False
IMG_5260.jpg,IMG_5260.jpg,TempExport,,other,,0.3,e0e06064ac98ec6d:3030b0b6,0.2812,0.5459,1.0,0.494,archive,False,False
IMG_4898-Edit.jpg,IMG_4898-Edit.jpg,TempExport,,other,,0.3,b2b8184de6d3cb4b:ffffffff,0.4215,0.3086,1.0,0.4907,archive,False,False
IMG_4233.jpg,IMG_4233.jpg,TempExport,,other,,0.3,164969488d89e4e4:00000c2c,0.34,0.4339,1.0,0.4895,archive,False,False
IMG_3917.jpg,IMG_3917.jpg,TempExport,,other,,0.3,f3f93c4c4e4ef4d8:7f7f0f07,0.3706,0.3809,1.0,0.4885,archive,False,False
IMG_4534.jpg,IMG_4534.jpg,TempExport,,other,,0.3,16061a1ad2d17436:0200020b,0.447,0.2585,1.0,0.4884,archive,False,False
IMG_3919.jpg,IMG_3919.jpg,TempExport,,other,,0.3,e4f28f0f4d6b778e:7f7fc703,0.3758,0.3498,1.0,0.4828,archive,False,False
IMG_3929.jpg,IMG_3929.jpg,TempExport,,other,,0.3,cf978f8f0e366cfa:7f7f4747,0.3703,0.3488,1.0,0.4803,archive,False,False
IMG_4149.jpg,IMG_4149.jpg,TempExport,,other,,0.3,9bad0df2d3351107:00040400,0.3945,0.291,1.0,0.4756,archive,False,False
IMG_4878-Edit.jpg,IMG_4878-Edit.jpg,TempExport,,other,,0.3,040812160c18340b:fffffbe3,0.328,0.3974,1.0,0.4755,archive,False,False
IMG_4120.jpg,IMG_4120.jpg,TempExport,,other,,0.3,9f8b599846d252ff:00400c0c,0.3851,0.2422,1.0,0.4596,archive,False,False
IMG_4876.jpg,IMG_4876.jpg,TempExport,,other,,0.3,4024a6862c2c0c03:fef7fbf3,0.3249,0.3344,1.0,0.4586,archive,False,False
IMG_4850.jpg,IMG_4850.jpg,TempExport,,other,,0.3,0834484e26128c02:ffffe7e3,0.2908,0.1873,1.0,0.4081,archive,False,False
IMG_5124.jpg,IMG_5124.jpg,TempExport,,other,,0.3,0f0d0d7171494317:00000018,0.2229,0.2245,1.0,0.3903,archive,False,False
